INSERT INTO clientes (id, apellido, create_at, email, foto, nombre, password) VALUES (1, 'Guzman', '2017-08-01', 'profesor@bolsadeideas.com', '', 'Andres', NULL);
INSERT INTO clientes (id, apellido, create_at, email, foto, nombre, password) VALUES(2, 'Doe', '2017-08-02', 'john.doe@gmail.com', '', 'John', NULL);
INSERT INTO clientes (id, apellido, create_at, email, foto, nombre, password) VALUES(3, 'Torvalds', '2017-08-03', 'linus.torvalds@gmail.com', '', 'Linus', NULL);
INSERT INTO clientes (id, apellido, create_at, email, foto, nombre, password) VALUES(4, 'Doe', '2017-08-04', 'jane.doe@gmail.com', '', 'Jane', NULL);
INSERT INTO clientes (id, apellido, create_at, email, foto, nombre, password) VALUES(5, 'Lerdorf', '2017-08-05', 'rasmus.lerdorf@gmail.com', '', 'Rasmus', NULL);
INSERT INTO clientes (id, apellido, create_at, email, foto, nombre, password) VALUES(6, 'Gamma', '2017-08-06', 'erich.gamma@gmail.com', '', 'Erich', NULL);
INSERT INTO clientes (id, apellido, create_at, email, foto, nombre, password) VALUES(7, 'Helm', '2017-08-07', 'richard.helm@gmail.com', '', 'Richard', NULL);
INSERT INTO clientes (id, apellido, create_at, email, foto, nombre, password) VALUES(8, 'Johnson', '2017-08-08', 'ralph.johnson@gmail.com', '', 'Ralph', NULL);
INSERT INTO clientes (id, apellido, create_at, email, foto, nombre, password) VALUES(9, 'Vlissides', '2017-08-09', 'john.vlissides@gmail.com', '', 'John', NULL);
INSERT INTO clientes (id, apellido, create_at, email, foto, nombre, password) VALUES(10, 'Gosling', '2017-08-10', 'james.gosling@gmail.com', '', 'James', NULL);
INSERT INTO clientes (id, apellido, create_at, email, foto, nombre, password) VALUES(11, 'Lee', '2017-08-11', 'bruce.lee@gmail.com', '', 'Bruce', NULL);
INSERT INTO clientes (id, apellido, create_at, email, foto, nombre, password) VALUES(12, 'Doe', '2017-08-12', 'johnny.doe@gmail.com', '', 'Johnny', NULL);
INSERT INTO clientes (id, apellido, create_at, email, foto, nombre, password) VALUES(13, 'Roe', '2017-08-13', 'john.roe@gmail.com', '', 'John', NULL);
INSERT INTO clientes (id, apellido, create_at, email, foto, nombre, password) VALUES(14, 'Roe', '2017-08-14', 'jane.roe@gmail.com', '', 'Jane', NULL);
INSERT INTO clientes (id, apellido, create_at, email, foto, nombre, password) VALUES(15, 'Doe', '2017-08-15', 'richard.doe@gmail.com', '', 'Richard', NULL);
INSERT INTO clientes (id, apellido, create_at, email, foto, nombre, password) VALUES(16, 'Doe', '2017-08-16', 'janie.doe@gmail.com', '', 'Janie', NULL);
INSERT INTO clientes (id, apellido, create_at, email, foto, nombre, password) VALUES(17, 'Webb', '2017-08-17', 'phillip.webb@gmail.com', '', 'Phillip', NULL);
INSERT INTO clientes (id, apellido, create_at, email, foto, nombre, password) VALUES(18, 'Nicoll', '2017-08-18', 'stephane.nicoll@gmail.com', '', 'Stephane', NULL);
INSERT INTO clientes (id, apellido, create_at, email, foto, nombre, password) VALUES(19, 'Brannen', '2017-08-19', 'sam.brannen@gmail.com', '', 'Sam', NULL);
INSERT INTO clientes (id, apellido, create_at, email, foto, nombre, password) VALUES(20, 'Hoeller', '2017-08-20', 'juergen.Hoeller@gmail.com', '', 'Juergen', NULL);
INSERT INTO clientes (id, apellido, create_at, email, foto, nombre, password) VALUES(21, 'Roe', '2017-08-21', 'janie.roe@gmail.com', '', 'Janie', NULL);
INSERT INTO clientes (id, apellido, create_at, email, foto, nombre, password) VALUES(22, 'Smith', '2017-08-22', 'john.smith@gmail.com', '', 'John', NULL);
INSERT INTO clientes (id, apellido, create_at, email, foto, nombre, password) VALUES(23, 'Bloggs', '2017-08-23', 'joe.bloggs@gmail.com', '', 'Joe', NULL);
INSERT INTO clientes (id, apellido, create_at, email, foto, nombre, password) VALUES(24, 'Stiles', '2017-08-24', 'john.stiles@gmail.com', '', 'John', NULL);
INSERT INTO clientes (id, apellido, create_at, email, foto, nombre, password) VALUES(25, 'Roe', '2017-08-25', 'stiles.roe@gmail.com', '', 'Richard', NULL);

INSERT INTO users (idu, apellidos, correo, direccion, enabled, genero, nombre, password, recoverypass, telefono, username) VALUES(1, 'Carlos', 'christopher.emm01@gmail.com', NULL, 1, NULL, 'Hernandez', '$2a$10$pXSjZhKajePgUvQZplTkOuA6n4ee/wHaOF/UJWornHmRxhN3D0Cd6', NULL, 71208113, 'andres');
INSERT INTO users (idu, apellidos, correo, direccion, enabled, genero, nombre, password, recoverypass, telefono, username) VALUES(2, 'Vanessa', NULL, NULL, 1, NULL, 'Ramirez', '$2a$10$pLiT5n4R/wOZ8SyKgNvvOeRuMd07/m9QzguNQFJPfphWUB0ktQ2zS', NULL, 83208113, 'admin');
INSERT INTO users (idu, apellidos, correo, direccion, enabled, genero, nombre, password, recoverypass, telefono, username) VALUES(3, 'Juan', NULL, NULL, 1, NULL, 'Carlos', '$2a$10$fpZ3pU63UnhsJcAPopsz1.hBzYFe5ptoCXcP4UXkqwv8MBwdHV6x6', NULL, 7220853, 'JUAK');
INSERT INTO users (idu, apellidos, correo, direccion, enabled, genero, nombre, password, recoverypass, telefono, username) VALUES(4, 'Marlon', NULL, NULL, 1, NULL, 'Perez', '$2a$10$IBncau/R54WrXROHE/QEnObji7HOoH5TjrLQSzuJnoVsVlSF73stO', NULL, 7283113, 'MP123');
INSERT INTO users (idu, apellidos, correo, direccion, enabled, genero, nombre, password, recoverypass, telefono, username) VALUES(5, 'Guzman', 'profesor@bolsadeideas.com', NULL, 1, NULL, 'Andres', '$2a$10$.lCnnyFMA6K4vV3mRcVhNuoP5gBYMDIasy3bMuUuI/6V8GmL/EYW.', NULL, 633, NULL);
INSERT INTO users (idu, apellidos, correo, direccion, enabled, genero, nombre, password, recoverypass, telefono, username) VALUES(6, 'Doe', 'john.doe@gmail.com', NULL, 1, NULL, 'John', '$2a$10$nzgaCwImsy3Wu9lij4j6u.2wB5tLFZWWv7VVv2zFNSnvZvns6ETuO', NULL, 339, NULL);
INSERT INTO users (idu, apellidos, correo, direccion, enabled, genero, nombre, password, recoverypass, telefono, username) VALUES(7, 'Torvalds', 'linus.torvalds@gmail.com', NULL, 1, NULL, 'Linus', '$2a$10$qtFXHkyXi.WT34/2.KVPyebG6hodZoUUfKTnIH3DpfAhI1yNeFOgC', NULL, 194, NULL);
INSERT INTO users (idu, apellidos, correo, direccion, enabled, genero, nombre, password, recoverypass, telefono, username) VALUES(8, 'Doe', 'jane.doe@gmail.com', NULL, 1, NULL, 'Jane', '$2a$10$Qb14Jj/.WJ.r8X5ywfbiuOtPzEieBtLd6XvQc102MjTAPknU4ZZBq', NULL, 395, NULL);
INSERT INTO users (idu, apellidos, correo, direccion, enabled, genero, nombre, password, recoverypass, telefono, username) VALUES(9, 'Lerdorf', 'rasmus.lerdorf@gmail.com', NULL, 1, NULL, 'Rasmus', '$2a$10$aHBy6zqOw/kuWmYuvgnz/uB0.YXkQnwTbk/JcQMwA6gdq36jXdqfG', NULL, 948, NULL);
INSERT INTO users (idu, apellidos, correo, direccion, enabled, genero, nombre, password, recoverypass, telefono, username) VALUES(10, 'Gamma', 'erich.gamma@gmail.com', NULL, 1, NULL, 'Erich', '$2a$10$DYk1k.OaR94GpE1iq5LRqOm2i82XsJAZFd3rIpGof9PJycFD2lryy', NULL, 844, NULL);
INSERT INTO users (idu, apellidos, correo, direccion, enabled, genero, nombre, password, recoverypass, telefono, username) VALUES(11, 'Helm', 'richard.helm@gmail.com', NULL, 1, NULL, 'Richard', '$2a$10$fu7SeIDCiaNxfSUQiEUpne1qo2TcCOGjfPKGRfbfvz9/.JG87mUoa', NULL, 157, NULL);
INSERT INTO users (idu, apellidos, correo, direccion, enabled, genero, nombre, password, recoverypass, telefono, username) VALUES(12, 'Johnson', 'ralph.johnson@gmail.com', NULL, 1, NULL, 'Ralph', '$2a$10$om5qDcQpAsUj8TfQHRXHKOo42UafxJoSTo7fafevHBFqxGmReZo5.', NULL, 685, NULL);
INSERT INTO users (idu, apellidos, correo, direccion, enabled, genero, nombre, password, recoverypass, telefono, username) VALUES(13, 'Vlissides', 'john.vlissides@gmail.com', NULL, 1, NULL, 'John', '$2a$10$c2xM3aVcC3eTXxQz3cXQa.pA0xwkup7lM/yF3vuEKz/2mrXL383uG', NULL, 97, NULL);
INSERT INTO users (idu, apellidos, correo, direccion, enabled, genero, nombre, password, recoverypass, telefono, username) VALUES(14, 'Gosling', 'james.gosling@gmail.com', NULL, 1, NULL, 'James', '$2a$10$I5bd6BXu8uJfKOqwQPLfMu40YhDE9UYNCvp8RfQ2Y5F7fofl4Y3Qm', NULL, 406, NULL);
INSERT INTO users (idu, apellidos, correo, direccion, enabled, genero, nombre, password, recoverypass, telefono, username) VALUES(15, 'Lee', 'bruce.lee@gmail.com', NULL, 1, NULL, 'Bruce', '$2a$10$bm7XW7Mr6axFncFSrffR0u6DZK4Yfj7Lv0Xmo2qOOu9lQjjCInBbi', NULL, 205, NULL);
INSERT INTO users (idu, apellidos, correo, direccion, enabled, genero, nombre, password, recoverypass, telefono, username) VALUES(16, 'Doe', 'johnny.doe@gmail.com', NULL, 1, NULL, 'Johnny', '$2a$10$0WisKSHh50gGtLCxHap1ZuQMNxi6V1yMWdwq0rjbciddfAwquwMF.', NULL, 100, NULL);
INSERT INTO users (idu, apellidos, correo, direccion, enabled, genero, nombre, password, recoverypass, telefono, username) VALUES(17, 'Roe', 'john.roe@gmail.com', NULL, 1, NULL, 'John', '$2a$10$wcuLPxBPVzH7Qgz5UjPUuOlm72RgPoxjSCO8VpFQKPCEKqHHhi45y', NULL, 478, NULL);
INSERT INTO users (idu, apellidos, correo, direccion, enabled, genero, nombre, password, recoverypass, telefono, username) VALUES(18, 'Roe', 'jane.roe@gmail.com', NULL, 1, NULL, 'Jane', '$2a$10$/m4hxRJyuVTlYy8Kikb8DefE3dAiS3.HoHZp7x1UMD0MqI97cCOdq', NULL, 33, NULL);
INSERT INTO users (idu, apellidos, correo, direccion, enabled, genero, nombre, password, recoverypass, telefono, username) VALUES(19, 'Doe', 'richard.doe@gmail.com', NULL, 1, NULL, 'Richard', '$2a$10$lVfaY0Q7RUHkxLP70xeE1e5fzDTaMhSsWa.c3whC7dscQRq7.rQze', NULL, 942, NULL);
INSERT INTO users (idu, apellidos, correo, direccion, enabled, genero, nombre, password, recoverypass, telefono, username) VALUES(20, 'Doe', 'janie.doe@gmail.com', NULL, 1, NULL, 'Janie', '$2a$10$GnRQ0dubNQQ3VC6HGPrL1uNjsGFfVay9iZ2Sg3.mUop23dQk3CbYq', NULL, 640, NULL);
INSERT INTO users (idu, apellidos, correo, direccion, enabled, genero, nombre, password, recoverypass, telefono, username) VALUES(21, 'Webb', 'phillip.webb@gmail.com', NULL, 1, NULL, 'Phillip', '$2a$10$JZfJO8pdXEmH.r6gnT1sseBjyUgqaCXspq608K3Fe8iLNnTKMIVCa', NULL, 264, NULL);
INSERT INTO users (idu, apellidos, correo, direccion, enabled, genero, nombre, password, recoverypass, telefono, username) VALUES(22, 'Nicoll', 'stephane.nicoll@gmail.com', NULL, 1, NULL, 'Stephane', '$2a$10$MqdsE7fNmWWPNs46EJo1Vuua0pkocyQgzLkrr0tY3OpiKmQ5Yn/6C', NULL, 12, NULL);
INSERT INTO users (idu, apellidos, correo, direccion, enabled, genero, nombre, password, recoverypass, telefono, username) VALUES(23, 'Brannen', 'sam.brannen@gmail.com', NULL, 1, NULL, 'Sam', '$2a$10$rIhX6ekJgvenv4iZFUh7DO5xa4sfCheY5J8A/6UjmFdaXkM8C.kv6', NULL, 830, NULL);
INSERT INTO users (idu, apellidos, correo, direccion, enabled, genero, nombre, password, recoverypass, telefono, username) VALUES(24, 'Hoeller', 'juergen.Hoeller@gmail.com', NULL, 1, NULL, 'Juergen', '$2a$10$kqe9zS6bjHsvv89OYZ2izuWnTY2oDvbTVlTheIFST/KyJ7.c2mubG', NULL, 233, NULL);
INSERT INTO users (idu, apellidos, correo, direccion, enabled, genero, nombre, password, recoverypass, telefono, username) VALUES(25, 'Roe', 'janie.roe@gmail.com', NULL, 1, NULL, 'Janie', '$2a$10$bA3MaVSUru3M89C1VBpudOeVssiru/gYujj15O7Te0dtnIUR9I116', NULL, 325, NULL);
INSERT INTO users (idu, apellidos, correo, direccion, enabled, genero, nombre, password, recoverypass, telefono, username) VALUES(26, 'Smith', 'john.smith@gmail.com', NULL, 1, NULL, 'John', '$2a$10$obJsZOKVAYHKFRp9.SmmzOE5Qfdk4dq2oVSwkIDzRTw7oCyojVqiq', NULL, 196, NULL);
INSERT INTO users (idu, apellidos, correo, direccion, enabled, genero, nombre, password, recoverypass, telefono, username) VALUES(27, 'Bloggs', 'joe.bloggs@gmail.com', NULL, 1, NULL, 'Joe', '$2a$10$mHzuxzrRtF6KUqHu4Kqa8.NXVupw7eNjf8AfmW3ChvOx3sV95HdLG', NULL, 451, NULL);
INSERT INTO users (idu, apellidos, correo, direccion, enabled, genero, nombre, password, recoverypass, telefono, username) VALUES(28, 'Stiles', 'john.stiles@gmail.com', NULL, 1, NULL, 'John', '$2a$10$R88Quwt9DsVXbc2lmzZdlehir0TDLtd7Rs8gQw5WW6hxl6/QYzJ0W', NULL, 709, NULL);
INSERT INTO users (idu, apellidos, correo, direccion, enabled, genero, nombre, password, recoverypass, telefono, username) VALUES(29, 'Roe', 'stiles.roe@gmail.com', NULL, 1, NULL, 'Richard', '$2a$10$NgbkJRciWWKsuogsR.MTYuK05LePEsZy.xOe4FPHzeaImNBv.Dk2e', NULL, 234, NULL);

INSERT INTO roles (user_id, authority) VALUES(1, 'ROLE_USER');
INSERT INTO roles (user_id, authority) VALUES(2, 'ROLE_ADMIN');
INSERT INTO roles (user_id, authority) VALUES(3, 'ROLE_ADMIN');
INSERT INTO roles (user_id, authority) VALUES(4, 'ROLE_ADMIN');
INSERT INTO roles (user_id, authority) VALUES(4, 'ROLE_USER');
insert into roles (id,user_id,authority)values(null,5,'ROLE_CLIENT');
insert into roles (id,user_id,authority)values(null,6,'ROLE_CLIENT');
insert into roles (id,user_id,authority)values(null,7,'ROLE_CLIENT');
insert into roles (id,user_id,authority)values(null,8,'ROLE_CLIENT');
insert into roles (id,user_id,authority)values(null,9,'ROLE_CLIENT');
insert into roles (id,user_id,authority)values(null,10,'ROLE_CLIENT');
insert into roles (id,user_id,authority)values(null,11,'ROLE_CLIENT');
insert into roles (id,user_id,authority)values(null,12,'ROLE_CLIENT');
insert into roles (id,user_id,authority)values(null,13,'ROLE_CLIENT');
insert into roles (id,user_id,authority)values(null,14,'ROLE_CLIENT');
insert into roles (id,user_id,authority)values(null,15,'ROLE_CLIENT');
insert into roles (id,user_id,authority)values(null,16,'ROLE_CLIENT');
insert into roles (id,user_id,authority)values(null,17,'ROLE_CLIENT');
insert into roles (id,user_id,authority)values(null,18,'ROLE_CLIENT');
insert into roles (id,user_id,authority)values(null,19,'ROLE_CLIENT');
insert into roles (id,user_id,authority)values(null,20,'ROLE_CLIENT');
insert into roles (id,user_id,authority)values(null,21,'ROLE_CLIENT');
insert into roles (id,user_id,authority)values(null,22,'ROLE_CLIENT');
insert into roles (id,user_id,authority)values(null,23,'ROLE_CLIENT');
insert into roles (id,user_id,authority)values(null,24,'ROLE_CLIENT');
insert into roles (id,user_id,authority)values(null,25,'ROLE_CLIENT');
insert into roles (id,user_id,authority)values(null,26,'ROLE_CLIENT');
insert into roles (id,user_id,authority)values(null,27,'ROLE_CLIENT');
insert into roles (id,user_id,authority)values(null,28,'ROLE_CLIENT');
insert into roles (id,user_id,authority)values(null,29,'ROLE_CLIENT');

update users s set s.username=s.correo where idu>3;



insert into condiciones values (null,"bueno");
insert into condiciones values (null,"malo");
insert into condiciones values (null,"decadente");

insert into vehiculos values (null,"Ultimo modelo","BMW","B123","12333213");
insert into vehiculos values (null,"BMW","BMW","B123","12333213");

insert into nombre_taller values(null,"Taller Express");
insert into nombre_taller values(null,"Taller de pintura");
insert into nombre_taller values(null,"Taller de Mecanica General");

insert into servicios values (1,"Indefinido",0);
insert into servicios values (null,"enderezado",4.50);
insert into servicios values (null,"patadon",2.50);
insert into servicios values (null,"limpieza",6.40);
insert into servicios values (null,"fajas",8.80);
insert into servicios values (null,"pintura",4.30);
insert into servicios values (null,"producto 1",11.50);
insert into servicios values(null,"Aceite y filtro del motor",100.30);
insert into servicios values(null,"Bandas y correas",45.00);
insert into servicios values(null,"Batería",35.00);
insert into servicios values(null,"Escape",63.23);
insert into servicios values(null,"Líquido de la dirección hidráulica",9.48);
insert into servicios values(null,"Líquido de la transmision automatica",145.60);

insert into estados values(1,"Cliente registrado");
insert into estados values(2,"Cliente nuevamente asignado");
insert into estados values(null,"Aun no aprobado");
insert into estados values(null,"Aprobado");
insert into estados values(null,"Fase 1");
insert into estados values(null,"Fase 2");
insert into estados values(null,"Fase 3");



